{"speeltijd":{"level0":{"52.16842":2,"54,39752":2,"34,62057":2},"level1":{"52.41812":2,"157,5231":2,"29,16944":2},"level2":{"37.89275":2,"59,63572":2,"39,67176":2},"level3":{"25.97139":2,"31,4252":2,"35,90276":2}},"Levens":{"level0":{"0":2,"5":2,"25":2},"level1":{"0":4,"15":2},"level2":{"0":2,"35":2,"95":2},"level3":{"0":4,"50":2}},"wortels":{"level0":{"0":2,"5":4},"level1":{"4":2,"5":2,"11":2},"level2":{"1":2,"4":2,"5":2},"level3":{"1":2,"5":2,"7":2}},"crouches":{"level0":{"1":3,"3":2},"level1":{"0":3,"3":2},"level2":{"0":2,"2":2,"9":1},"level3":{"0":5}},"shots":{"level0":{"1":2,"6":2,"7":2},"level1":{"5":2,"6":2,"7":2},"level2":{"4":2,"5":2,"12":2},"level3":{"9":2,"13":2,"28":2}},"Eyes_Closed":{"level0":{"2":4,"3":2},"level1":{"2":2,"3":2,"4":2},"level2":{"2":6},"level3":{"2":6}},"doublejumps":{"level0":{"2":2,"3":1,"5":2},"level1":{"4":2,"7":1,"8":2},"level2":{"1":2,"4":1,"7":2},"level3":{"0":2,"2":1,"5":2}}}